step,loss_D,loss_G,loss_pixel,loss_adversarial0,0.6933002471923828,3.317723274230957,3.1790807247161865,0.6932123303413391
1,0.6897562742233276,2.917027711868286,2.7779436111450195,0.6954202651977539
2,0.686256468296051,2.6527326107025146,2.5118234157562256,0.7045461535453796
3,0.6768795847892761,2.471855401992798,2.325568914413452,0.7314328551292419
4,0.6732625365257263,2.3495497703552246,2.1994130611419678,0.7506838440895081
5,0.6643972396850586,2.2391269207000732,2.0789148807525635,0.8010601997375488
6,0.6544592380523682,2.1109635829925537,1.951255440711975,0.7985405921936035
7,0.6290454864501953,2.0440075397491455,1.8691447973251343,0.8743136525154114
8,0.6068565845489502,1.980908989906311,1.7930041551589966,0.9395239949226379
9,0.6090525388717651,1.972489833831787,1.7862310409545898,0.931293785572052
10,0.6285390853881836,1.8966041803359985,1.726786494255066,0.8490886688232422
11,0.6879241466522217,1.8718655109405518,1.6942204236984253,0.8882253766059875
12,0.7274169921875,1.819518804550171,1.6715011596679688,0.7400885224342346
13,0.7500455379486084,1.8055367469787598,1.65774667263031,0.7389504909515381
14,0.6930932998657227,1.785973072052002,1.6568588018417358,0.6455716490745544
15,0.7642185688018799,1.7809278964996338,1.6496394872665405,0.6564421057701111
16,0.7079685926437378,1.7445069551467896,1.6168588399887085,0.63824063539505
17,0.6895227432250977,1.7342212200164795,1.6009135246276855,0.6665384769439697
18,0.6563972234725952,1.7508735656738281,1.6003408432006836,0.7526634335517883
19,0.6392650604248047,1.7230960130691528,1.5536184310913086,0.847387969493866
20,0.6323845386505127,1.7204415798187256,1.5544633865356445,0.8298912048339844
21,0.5940538644790649,1.7038203477859497,1.5369755029678345,0.8342240452766418
22,0.6075387001037598,1.7116658687591553,1.5358448028564453,0.8791055679321289
23,0.5540693998336792,1.6952005624771118,1.5221260786056519,0.8653726577758789
24,0.5751280784606934,1.7038404941558838,1.5334051847457886,0.8521766662597656
25,0.6619837284088135,1.6638760566711426,1.5452040433883667,0.5933603644371033
26,0.6219514608383179,1.6568708419799805,1.543652892112732,0.5660896301269531
27,0.7745933532714844,1.6469379663467407,1.5428223609924316,0.5205780863761902
28,0.7194664478302002,1.6481435298919678,1.5513414144515991,0.48401036858558655
29,0.7532986402511597,1.653178334236145,1.5445185899734497,0.5432989001274109
30,0.6648378372192383,1.681649923324585,1.5426429510116577,0.6950351595878601
31,0.5572963953018188,1.694440245628357,1.537116527557373,0.7866185307502747
32,0.571415364742279,1.683146357536316,1.5375779867172241,0.7278417944908142
33,0.6348387598991394,1.6677908897399902,1.5470699071884155,0.603604793548584
34,0.602489709854126,1.6688804626464844,1.5451536178588867,0.618634045124054
35,0.5343345999717712,1.6793943643569946,1.5442924499511719,0.6755093932151794
36,0.5080135464668274,1.6752430200576782,1.5381883382797241,0.6852734684944153
37,0.42638176679611206,1.7000411748886108,1.5375099182128906,0.8126563429832458
38,0.35978540778160095,1.7112531661987305,1.5278010368347168,0.917260468006134
39,0.31301796436309814,1.7289034128189087,1.5209074020385742,1.0399800539016724
40,0.2546294629573822,1.7447832822799683,1.5150200128555298,1.148816466331482
41,0.23102763295173645,1.7610297203063965,1.5093908309936523,1.258194088935852
42,0.23287342488765717,1.7625343799591064,1.5110859870910645,1.2572416067123413
43,0.19973501563072205,1.7804529666900635,1.5091423988342285,1.3565529584884644
44,0.2321334332227707,1.8701865673065186,1.513342261314392,1.7842212915420532
45,0.14317476749420166,2.0276966094970703,1.525999903678894,2.5084829330444336
46,0.13480490446090698,1.9806954860687256,1.536948323249817,2.218735933303833
47,0.29792702198028564,1.8836677074432373,1.5637491941452026,1.5995928049087524
48,0.08276523649692535,2.0804896354675293,1.573572039604187,2.5345876216888428
49,0.07449309527873993,2.3898093700408936,1.5679640769958496,4.109226226806641
50,0.08814248442649841,2.1933536529541016,1.5378037691116333,3.2777493000030518
51,0.06328301131725311,2.1212172508239746,1.5226515531539917,2.992828607559204
52,0.07925654947757721,2.112406015396118,1.5197466611862183,2.96329665184021
53,0.09840436279773712,2.0227067470550537,1.5211983919143677,2.5075416564941406
54,0.1019858568906784,1.9201546907424927,1.5327882766723633,1.9368318319320679
55,0.1825386881828308,2.089449405670166,1.554848551750183,2.6730048656463623
56,0.11178851872682571,2.125882387161255,1.5683026313781738,2.7878990173339844
57,0.20418550074100494,2.3744616508483887,1.5892696380615234,3.9259605407714844
58,0.4259052872657776,2.649660348892212,1.614688754081726,5.1748576164245605
59,0.045830752700567245,2.9426732063293457,1.625357985496521,6.586575984954834
60,0.17048379778862,2.2852604389190674,1.6676973104476929,3.087815284729004
61,0.121282197535038,2.6168344020843506,1.7274223566055298,4.4470601081848145
62,0.31682977080345154,2.044426918029785,1.8113363981246948,1.1654523611068726
63,1.3358603715896606,2.022092342376709,1.964814305305481,0.28638991713523865
64,0.36569690704345703,2.6400527954101562,1.8937774896621704,3.731376886367798
65,0.4184727966785431,2.44238543510437,1.9372754096984863,2.5255496501922607
66,0.6728824377059937,2.358496904373169,1.9376558065414429,2.10420560836792
67,0.6956982016563416,2.633371353149414,1.9460922479629517,3.4363956451416016
68,0.06644380837678909,2.6305665969848633,1.7977890968322754,4.163887977600098
69,0.00609163474291563,3.216886520385742,1.8155409097671509,7.006727695465088
70,0.03711536526679993,2.9723663330078125,1.7847247123718262,5.938208103179932
71,0.18668116629123688,2.1801605224609375,1.7867764234542847,1.966920018196106
72,2.542187452316284,1.829927921295166,1.8076043128967285,0.11161807924509048
73,0.7247290015220642,1.9080860614776611,1.8158735036849976,0.4610629081726074
74,1.148176908493042,2.1154568195343018,1.8627119064331055,1.2637242078781128
75,0.8469891548156738,2.4714231491088867,1.9287428855895996,2.7134010791778564
76,0.8389430642127991,2.6220273971557617,1.9820938110351562,3.19966721534729
77,0.7470341920852661,3.2708253860473633,2.0416648387908936,6.145802974700928
78,0.9774880409240723,2.3135056495666504,2.167367458343506,0.7306909561157227
79,0.41443923115730286,3.079439401626587,2.163769006729126,4.5783514976501465
80,0.177479088306427,3.3434982299804688,2.2018425464630127,5.708278656005859
81,0.22878627479076385,3.0112295150756836,2.025273084640503,4.929781436920166
82,0.5324071049690247,2.786482572555542,2.2987544536590576,2.438640594482422
83,4.094305992126465,2.314474105834961,2.296332597732544,0.09070780873298645
84,1.1393873691558838,2.17677903175354,2.09972882270813,0.38525155186653137
85,0.5133071541786194,2.614757537841797,1.9514464139938354,3.316556215286255
86,0.48918038606643677,2.4776201248168945,1.9041290283203125,2.867454767227173
87,0.509242594242096,2.3483827114105225,1.8697586059570312,2.393120050430298
88,0.1916058510541916,2.1768219470977783,1.8255919218063354,1.7561497688293457
89,0.26848265528678894,2.069059371948242,1.8191781044006348,1.2494059801101685
90,0.7047222852706909,2.128446578979492,1.8216148614883423,1.5341590642929077
91,0.18316975235939026,2.287200450897217,1.835300087928772,2.2595021724700928
92,0.39258676767349243,2.2573165893554688,1.8986653089523315,1.7932567596435547
93,0.49321895837783813,2.3429994583129883,1.9058538675308228,2.18572735786438
94,0.6690154671669006,2.3485467433929443,1.9200037717819214,2.142714500427246
95,0.6657134890556335,2.155137062072754,1.901715636253357,1.267107367515564
96,0.44335779547691345,2.169935703277588,1.9688900709152222,1.0052285194396973
97,0.44392114877700806,2.2269084453582764,1.9905661344528198,1.1817117929458618
98,0.9544132351875305,2.0906429290771484,2.003687620162964,0.43477654457092285
99,0.6113212704658508,2.5819458961486816,2.020611524581909,2.8066723346710205
100,0.5068175196647644,2.3807718753814697,2.0192978382110596,1.8073701858520508
101,0.8818527460098267,2.238635778427124,2.044952154159546,0.9684181213378906
102,0.4749867916107178,2.3358378410339355,2.0509250164031982,1.4245647192001343
103,0.6872240304946899,2.4178807735443115,2.072632074356079,1.7262439727783203
104,0.9696179032325745,2.1818714141845703,2.056504011154175,0.6268367767333984
105,0.3898170590400696,2.3163809776306152,2.093656539916992,1.113622784614563
106,0.8891993165016174,2.3804068565368652,2.0796573162078857,1.5037482976913452
107,0.866827666759491,2.1936283111572266,2.1235783100128174,0.3502500355243683
108,0.8550014495849609,2.323742389678955,2.106647491455078,1.0854747295379639
109,0.5178567171096802,2.244931221008301,2.043224573135376,1.0085328817367554
110,0.6877045631408691,2.330941915512085,2.1360504627227783,0.9744572043418884
111,0.5481842756271362,2.397658348083496,2.121912956237793,1.3787275552749634
112,0.8972780704498291,2.264542818069458,2.089893102645874,0.8732488751411438
113,0.8874590992927551,2.6470212936401367,2.0784566402435303,2.842823028564453
114,0.557121753692627,2.7671477794647217,2.1093499660491943,3.2889888286590576
115,0.4640468955039978,2.916379451751709,2.178497552871704,3.6894092559814453
116,0.14904162287712097,2.780233383178711,2.265540838241577,2.5734622478485107
117,0.6726921200752258,2.4486396312713623,2.2694756984710693,0.895820140838623
118,0.3187186121940613,2.4832987785339355,2.2785305976867676,1.023840308189392
119,0.2052295207977295,2.556577205657959,2.2244951725006104,1.660409927368164
120,0.784137487411499,2.3987414836883545,2.2020232677459717,0.9835905432701111
121,0.6682004928588867,2.295761823654175,2.216219663619995,0.3977108895778656
122,1.1207441091537476,2.256021738052368,2.2084152698516846,0.23803265392780304
123,1.052998423576355,2.3731064796447754,2.1952807903289795,0.8891280293464661
124,0.5930348038673401,2.485159158706665,2.1696581840515137,1.5775045156478882
125,1.1503640413284302,2.52746844291687,2.1685292720794678,1.7946958541870117
126,0.9083438515663147,2.254333972930908,2.1648991107940674,0.44717374444007874
127,0.8417149782180786,2.425969123840332,2.1626086235046387,1.3168021440505981
128,0.7365022301673889,2.260178565979004,2.125894546508789,0.6714199185371399
129,0.74845290184021,2.3235743045806885,2.113424301147461,1.0507495403289795
130,0.5763992071151733,2.2726972103118896,2.09991717338562,0.8639004826545715
131,0.5643520355224609,2.2368547916412354,2.0786123275756836,0.7912128567695618
132,0.6308525800704956,2.262406349182129,2.082568407058716,0.8991898894309998
133,0.5251986980438232,2.309542179107666,2.075800895690918,1.1687065362930298
134,0.5611603856086731,2.181487798690796,2.076633930206299,0.5242689847946167
135,0.27864062786102295,2.212183713912964,2.062798261642456,0.7469267249107361
136,0.3566785454750061,2.3083038330078125,2.0561697483062744,1.2606709003448486
137,0.36400002241134644,2.4783437252044678,2.063065528869629,2.0763912200927734
138,0.674046516418457,2.3491411209106445,2.112233877182007,1.1845365762710571
139,0.44892174005508423,2.3670709133148193,2.1558115482330322,1.0562963485717773
140,0.6146434545516968,2.2960591316223145,2.1774072647094727,0.5932596325874329
141,1.1168673038482666,2.304199695587158,2.1753361225128174,0.6443173885345459
142,0.540051281452179,2.4703173637390137,2.1736867427825928,1.4831527471542358
143,0.7772284746170044,2.3469741344451904,2.213804006576538,0.6658511757850647
144,0.7658625841140747,2.312465190887451,2.208958864212036,0.5175312161445618
145,0.2913643419742584,2.323795795440674,2.1786530017852783,0.7257139086723328
146,0.35021987557411194,2.3122520446777344,2.168708086013794,0.7177197933197021
147,0.40627777576446533,2.2720577716827393,2.1787755489349365,0.4664115905761719
148,0.8587969541549683,2.3796660900115967,2.1855952739715576,0.9703536629676819
149,0.974266529083252,2.438727855682373,2.1841728687286377,1.2727752923965454
150,0.8259367942810059,2.4393014907836914,2.1763718128204346,1.314648151397705
151,1.031677007675171,2.449738025665283,2.1603801250457764,1.4467897415161133
152,0.774959146976471,2.420750617980957,2.193937063217163,1.134067177772522
153,0.7247921228408813,2.320873260498047,2.2255499362945557,0.4766170084476471
154,0.5936914086341858,2.3184099197387695,2.1928701400756836,0.6276990175247192
155,0.8027620911598206,2.467512369155884,2.193065881729126,1.3722323179244995
156,0.6719362735748291,2.4235618114471436,2.1757354736328125,1.2391313314437866
157,0.6615418791770935,2.316039800643921,2.1674678325653076,0.7428598403930664
158,0.8862751722335815,2.293314218521118,2.1744096279144287,0.5945227742195129
159,0.6611348986625671,2.3566625118255615,2.1597719192504883,0.9844527244567871
160,0.671775221824646,2.338644027709961,2.205681562423706,0.6648125052452087
161,0.740807294845581,2.3678271770477295,2.1794512271881104,0.9418794512748718
162,1.0225796699523926,2.393842935562134,2.2052059173583984,0.9431851506233215
163,0.9053447246551514,2.5318732261657715,2.2023699283599854,1.6475170850753784
164,0.5569224953651428,2.352180242538452,2.1745834350585938,0.887983500957489
165,0.752375602722168,2.3241255283355713,2.147761344909668,0.8818207383155823
166,0.5510574579238892,2.296312093734741,2.1526477336883545,0.7183217406272888
167,0.9289017915725708,2.2541918754577637,2.1689677238464355,0.42612120509147644
168,0.7120213508605957,2.3245575428009033,2.171227216720581,0.7666511535644531
169,0.737160325050354,2.427515745162964,2.188248872756958,1.1963342428207397
170,0.8812129497528076,2.391542911529541,2.175503730773926,1.0801963806152344
171,0.4651002883911133,2.3137667179107666,2.1873297691345215,0.6321852207183838
172,0.6105334162712097,2.429431438446045,2.1688754558563232,1.302780032157898
173,0.4150647819042206,2.3317508697509766,2.1522600650787354,0.897453784942627
174,0.733593761920929,2.2601568698883057,2.201019048690796,0.29568928480148315
175,0.9464696049690247,2.2827136516571045,2.1843349933624268,0.49189281463623047
176,0.6333249807357788,2.358598470687866,2.1680819988250732,0.9525825381278992
177,0.8607437610626221,2.3094892501831055,2.1566596031188965,0.7641477584838867
178,1.0325382947921753,2.3385074138641357,2.1455345153808594,0.9648650288581848
179,0.6587161421775818,2.3498387336730957,2.1665430068969727,0.9164788722991943
180,0.6659610271453857,2.2480533123016357,2.1531074047088623,0.4747299253940582
181,0.9204554557800293,2.21738600730896,2.1263480186462402,0.45519042015075684
182,0.7971029281616211,2.2272469997406006,2.12406849861145,0.5158922076225281
183,0.7077947854995728,2.289674997329712,2.1384835243225098,0.7559579014778137
184,0.8461432456970215,2.3443613052368164,2.1465017795562744,0.9892980456352234
185,0.6857988238334656,2.36388897895813,2.151197671890259,1.0634565353393555
186,0.6873044967651367,2.339585304260254,2.161653518676758,0.8896592259407043
187,0.7121179103851318,2.289942979812622,2.1499905586242676,0.6997625231742859
188,0.648421049118042,2.308257818222046,2.1513288021087646,0.7846452593803406
189,0.639048159122467,2.2930140495300293,2.149264335632324,0.7187487483024597
190,0.6227241158485413,2.263364553451538,2.141014575958252,0.6117494106292725
191,0.5854277610778809,2.2879931926727295,2.1468923091888428,0.7055039405822754
192,0.599216639995575,2.2702553272247314,2.1386003494262695,0.6582743525505066
193,0.6443455219268799,2.270900011062622,2.1283748149871826,0.7126255631446838
194,0.6622558236122131,2.366835117340088,2.1185779571533203,1.2412863969802856
195,0.5853844881057739,2.3335516452789307,2.1509077548980713,0.9132199287414551
196,0.7678757905960083,2.3076882362365723,2.1447155475616455,0.8148638606071472
197,0.6211087703704834,2.2396538257598877,2.1433074474334717,0.48173144459724426
198,0.7435956001281738,2.3518757820129395,2.1280605792999268,1.1190756559371948
199,0.8023501634597778,2.3171260356903076,2.142139196395874,0.8749337196350098
200,0.579843282699585,2.351128339767456,2.1535351276397705,0.9879662394523621
201,0.5844353437423706,2.3825862407684326,2.1293559074401855,1.2661519050598145
202,0.6117734313011169,2.366610050201416,2.149536371231079,1.0853677988052368
203,0.5778667330741882,2.358535051345825,2.174699544906616,0.9191773533821106
204,0.6472647190093994,2.336853265762329,2.1627378463745117,0.8705775141716003
205,0.7673261761665344,2.285731554031372,2.144524335861206,0.7060366272926331
206,0.6077072620391846,2.359422445297241,2.1273138523101807,1.1605424880981445
207,0.5155138373374939,2.3148179054260254,2.164081335067749,0.7536824345588684
208,0.6431778073310852,2.2613911628723145,2.1535656452178955,0.5391281843185425
209,0.8295813798904419,2.3264944553375244,2.1406280994415283,0.9293313026428223
210,0.6083776950836182,2.3756582736968994,2.1615679264068604,1.0704513788223267
211,0.6338585615158081,2.3325772285461426,2.1587021350860596,0.869375467300415
212,0.5058209896087646,2.3345892429351807,2.164644718170166,0.8497228622436523
213,0.5785871148109436,2.340027093887329,2.1763148307800293,0.8185611367225647
214,0.7149709463119507,2.322740316390991,2.1708242893218994,0.7595797181129456
215,0.7185572981834412,2.370270252227783,2.1831042766571045,0.9358301162719727
216,0.6541520357131958,2.30326247215271,2.180250406265259,0.615060031414032
217,0.5471106767654419,2.4071011543273926,2.169844627380371,1.186282753944397
218,0.6359177827835083,2.331007719039917,2.1783249378204346,0.7634141445159912
219,0.44076287746429443,2.3407626152038574,2.199235200881958,0.7076376080513
220,0.5069811344146729,2.3293943405151367,2.156564950942993,0.8641465306282043
221,0.724953293800354,2.3667376041412354,2.1820755004882812,0.9233099818229675
222,0.600645124912262,2.354928970336914,2.132169485092163,1.1137971878051758
223,0.524949312210083,2.3456249237060547,2.1815474033355713,0.8203878402709961
224,0.5256955027580261,2.3027756214141846,2.1545426845550537,0.7411643862724304
225,0.7003880143165588,2.3546829223632812,2.151857614517212,1.0141263008117676
226,0.6911842226982117,2.340925931930542,2.187530755996704,0.7669764161109924
227,0.6906591653823853,2.3204221725463867,2.15569806098938,0.8236207962036133
228,0.508351743221283,2.352409601211548,2.1721718311309814,0.9011891484260559
229,0.8177164793014526,2.387213706970215,2.161085844039917,1.130639672279358
230,0.8705233335494995,2.308483362197876,2.1637516021728516,0.7236588001251221
231,0.4592008590698242,2.301769495010376,2.175278902053833,0.6324532628059387
232,0.7130510807037354,2.382391929626465,2.1533641815185547,1.145139217376709
233,0.6632093191146851,2.32472562789917,2.199643611907959,0.625410258769989
234,0.6026875972747803,2.3429653644561768,2.1989753246307373,0.7199504375457764
235,0.6513500213623047,2.3325207233428955,2.173814535140991,0.7935310006141663
236,0.5991792678833008,2.3958959579467773,2.1907589435577393,1.02568519115448
237,0.6881543397903442,2.319115161895752,2.179727792739868,0.6969369053840637
238,0.6855280995368958,2.3941423892974854,2.208191156387329,0.9297561049461365
239,0.5133933424949646,2.4438703060150146,2.1989657878875732,1.2245227098464966
240,0.5808300971984863,2.3202261924743652,2.179027557373047,0.7059928774833679
241,0.6286693811416626,2.3639206886291504,2.2008697986602783,0.8152545094490051
242,0.7362874746322632,2.420384168624878,2.2314436435699463,0.9447021484375
243,0.8393298983573914,2.376084327697754,2.194990873336792,0.905467689037323
244,0.536381185054779,2.3678369522094727,2.1681506633758545,0.998431384563446
245,0.4841485917568207,2.3444387912750244,2.164010763168335,0.9021406173706055
246,0.8616264462471008,2.2921698093414307,2.177365303039551,0.5740225911140442
247,0.5836991667747498,2.323645830154419,2.183570623397827,0.7003756165504456
248,0.6050629019737244,2.389141798019409,2.2170886993408203,0.8602657318115234
249,0.7690172791481018,2.3444583415985107,2.179201364517212,0.8262848854064941
250,0.6872079372406006,2.421321392059326,2.2007546424865723,1.1028333902359009
251,0.544300377368927,2.3963723182678223,2.2094485759735107,0.9346190094947815
252,0.6389626264572144,2.3632452487945557,2.1917097568511963,0.8576769232749939
253,0.5051285624504089,2.3975749015808105,2.193469524383545,1.0205262899398804
254,0.5418668985366821,2.3878331184387207,2.1663758754730225,1.1072858572006226
255,0.6444704532623291,2.388763427734375,2.2140352725982666,0.8736405372619629
256,0.7185496091842651,2.337069272994995,2.1864876747131348,0.7529079914093018
257,0.46822744607925415,2.4976656436920166,2.2078864574432373,1.4488964080810547
258,0.648607611656189,2.441608190536499,2.24534273147583,0.9813273549079895
259,0.7023618817329407,2.427288055419922,2.281691312789917,0.7279837131500244
260,0.598809003829956,2.4544992446899414,2.2159550189971924,1.1927213668823242
261,0.5271033644676208,2.4812896251678467,2.186258316040039,1.4751561880111694
262,0.6288110613822937,2.402160406112671,2.176891326904297,1.126345157623291
263,0.7141241431236267,2.413267135620117,2.212573528289795,1.003468632698059
264,0.6598258018493652,2.309732437133789,2.2325000762939453,0.3861612379550934
265,0.6279690861701965,2.384251832962036,2.2175471782684326,0.8335238099098206
266,0.6954101324081421,2.3231348991394043,2.193448781967163,0.6484304070472717
267,0.7499535083770752,2.3401455879211426,2.200220823287964,0.6996243000030518
268,0.643168568611145,2.3740789890289307,2.1872615814208984,0.9340874552726746
269,0.6695919036865234,2.321155548095703,2.2173869609832764,0.5188432335853577
270,0.4129352867603302,2.4136769771575928,2.1841533184051514,1.1476179361343384
271,0.49038073420524597,2.330847978591919,2.1841180324554443,0.7336492538452148
272,0.46172821521759033,2.398829698562622,2.206329584121704,0.9625009894371033
273,0.7043209075927734,2.3677546977996826,2.190687894821167,0.8853338360786438
274,0.759779155254364,2.3817930221557617,2.2110164165496826,0.8538830280303955
275,0.6097922921180725,2.344851016998291,2.2166378498077393,0.6410655975341797
276,1.0140461921691895,2.4190480709075928,2.229633331298828,0.947073757648468
277,0.7614805698394775,2.4244277477264404,2.2786645889282227,0.7288158535957336
278,0.6391569375991821,2.3775904178619385,2.2270731925964355,0.752586305141449
279,0.6585114002227783,2.3439977169036865,2.222813844680786,0.6059195399284363
280,0.5920792818069458,2.3479647636413574,2.2228429317474365,0.6256097555160522
281,0.6563084721565247,2.315979480743408,2.210394859313965,0.527923047542572
282,0.7880556583404541,2.3156025409698486,2.231234312057495,0.4218409061431885
283,0.5958576202392578,2.3404738903045654,2.203667402267456,0.6840324997901917
284,0.8278980851173401,2.344752073287964,2.2197790145874023,0.6248653531074524
285,0.7226991653442383,2.3830902576446533,2.243213653564453,0.6993825435638428
286,1.0586769580841064,2.392014741897583,2.217531442642212,0.8724161982536316
287,0.7889684438705444,2.4040815830230713,2.216017961502075,0.9403181076049805
288,0.8656377792358398,2.4522056579589844,2.2296018600463867,1.1130186319351196
289,0.8249650001525879,2.3938283920288086,2.2487165927886963,0.7255590558052063
290,0.7627214193344116,2.3765296936035156,2.216195821762085,0.8016688823699951
291,0.8686410784721375,2.3434946537017822,2.217608690261841,0.6294301152229309
292,0.6617725491523743,2.3321785926818848,2.2162907123565674,0.5794396996498108
293,0.6141810417175293,2.34177827835083,2.19577693939209,0.7300063967704773
294,0.7632426023483276,2.362109661102295,2.2038798332214355,0.7911490797996521
295,0.7544372081756592,2.336416244506836,2.1763885021209717,0.8001389503479004
296,0.5947264432907104,2.3194363117218018,2.1999645233154297,0.5973584651947021
297,0.5540571212768555,2.306507110595703,2.1919052600860596,0.57300865650177
298,0.678167462348938,2.2934107780456543,2.195780038833618,0.4881533682346344
299,0.7929272055625916,2.275763511657715,2.167591094970703,0.5408620834350586
300,0.5883300304412842,2.349428415298462,2.1890761852264404,0.8017606139183044
301,0.7855035662651062,2.3184287548065186,2.197809934616089,0.6030935645103455
302,0.5466399192810059,2.3461623191833496,2.2015607357025146,0.7230080962181091
303,0.7177307605743408,2.306514024734497,2.180084466934204,0.6321473121643066
304,0.7253857254981995,2.3738412857055664,2.1843745708465576,0.947333037853241
305,0.7357940673828125,2.332247018814087,2.2239112854003906,0.5416781902313232
306,0.9031414985656738,2.3070175647735596,2.215339183807373,0.45839133858680725
307,0.7959659099578857,2.335770606994629,2.1997456550598145,0.6801247000694275
308,0.7007173895835876,2.3954784870147705,2.1888508796691895,1.0331379175186157
309,0.6278066635131836,2.395683765411377,2.2425382137298584,0.7657272219657898
310,0.7403374910354614,2.350853443145752,2.2248623371124268,0.6299557685852051
311,0.7564985752105713,2.457786798477173,2.1969709396362305,1.304079532623291
312,0.6803817749023438,2.369572401046753,2.244549512863159,0.6251146793365479
313,0.7638031244277954,2.4063589572906494,2.240549087524414,0.8290488123893738
314,0.7554675936698914,2.353447675704956,2.196531057357788,0.7845832705497742
315,0.6418213248252869,2.3758726119995117,2.227306842803955,0.742828369140625
316,0.7271764278411865,2.3253333568573,2.210014581680298,0.5765940546989441
317,0.7725990414619446,2.2875494956970215,2.198221445083618,0.4466405212879181
318,0.7417292594909668,2.325239896774292,2.199946165084839,0.6264689564704895
319,0.651465892791748,2.3312129974365234,2.1957263946533203,0.6774324774742126
320,0.44706296920776367,2.3931925296783447,2.205732583999634,0.9373002052307129
321,0.5544520020484924,2.419677734375,2.1833982467651367,1.181397795677185
322,0.6424884796142578,2.3868744373321533,2.2009360790252686,0.9296920895576477
323,0.7300859689712524,2.4002137184143066,2.209102153778076,0.9555573463439941
324,0.6562003493309021,2.3668715953826904,2.195878028869629,0.8549674153327942
325,0.5691342353820801,2.333174228668213,2.1826372146606445,0.7526850700378418
326,0.6212054491043091,2.3596506118774414,2.2280755043029785,0.6578757762908936
327,0.7668453454971313,2.356395959854126,2.213343381881714,0.7152628898620605
328,0.6976650357246399,2.313950538635254,2.1953284740448,0.5931102633476257
329,0.5864407420158386,2.340458869934082,2.1954143047332764,0.7252230048179626
330,0.5750986337661743,2.3776772022247314,2.194852352142334,0.9141242504119873
331,0.5816214084625244,2.4342048168182373,2.2133216857910156,1.1044151782989502
332,0.6511826515197754,2.4037911891937256,2.21337890625,0.9520617127418518
333,0.6352678537368774,2.4092183113098145,2.1961257457733154,1.0654634237289429
334,0.61953204870224,2.327385663986206,2.1883456707000732,0.6951994895935059
335,0.5923684239387512,2.394922971725464,2.202749013900757,0.9608702659606934
336,0.6755134463310242,2.3756303787231445,2.222527265548706,0.7655158042907715
337,0.5357082486152649,2.3523154258728027,2.2283308506011963,0.6199232935905457
338,0.6567879319190979,2.3920719623565674,2.1998162269592285,0.9612790942192078
339,0.5425589084625244,2.3421072959899902,2.201430559158325,0.7033835053443909
340,0.8931266069412231,2.3307764530181885,2.2060039043426514,0.6238623261451721
341,0.765750527381897,2.407292366027832,2.1820428371429443,1.1262480020523071
342,0.6911455392837524,2.4002466201782227,2.2294085025787354,0.8541905879974365
343,0.5493544936180115,2.415933132171631,2.198615789413452,1.086586594581604
344,0.7699892520904541,2.3529980182647705,2.2142488956451416,0.6937457919120789
345,0.689217746257782,2.2922120094299316,2.2029342651367188,0.44638893008232117
346,0.586946964263916,2.333244562149048,2.192441463470459,0.7040150165557861
347,0.6197194457054138,2.3115007877349854,2.1814980506896973,0.6500131487846375
348,0.7584800720214844,2.330090284347534,2.219454526901245,0.5531789064407349
349,0.6270108222961426,2.376922369003296,2.2165632247924805,0.801796019077301
350,0.7745799422264099,2.418097972869873,2.234363555908203,0.9186723828315735
351,0.5958042144775391,2.327543020248413,2.2133164405822754,0.5711327791213989
352,0.5615850687026978,2.4180212020874023,2.1963350772857666,1.1084307432174683
353,0.6610454320907593,2.395481824874878,2.2212164402008057,0.8713274002075195
354,0.631694495677948,2.369001865386963,2.255007028579712,0.5699746012687683
355,0.7712622880935669,2.3387527465820312,2.2050130367279053,0.6686986088752747
356,0.5599930882453918,2.325164794921875,2.1917152404785156,0.6672483086585999
357,0.7554863691329956,2.365252733230591,2.1975972652435303,0.8382775187492371
358,0.6377941370010376,2.3920466899871826,2.1888785362243652,1.0158405303955078
359,0.7305158972740173,2.3099327087402344,2.189152240753174,0.6039020419120789
360,0.5987122058868408,2.4026479721069336,2.2039148807525635,0.9936655163764954
361,0.7883610725402832,2.329308271408081,2.196239709854126,0.6653429865837097
362,0.787898063659668,2.3310792446136475,2.2151291370391846,0.5797507166862488
363,0.6626982688903809,2.3676059246063232,2.192706346511841,0.8744980692863464
364,0.6489483118057251,2.34797739982605,2.2160632610321045,0.6595709323883057
365,0.616078794002533,2.310835361480713,2.189084529876709,0.60875403881073
366,0.6487928032875061,2.4076945781707764,2.1957671642303467,1.0596367120742798
367,0.7815263867378235,2.319671630859375,2.2131011486053467,0.5328519940376282
368,0.5313096642494202,2.3526806831359863,2.1867177486419678,0.8298148512840271
369,0.6854537725448608,2.408766269683838,2.184633255004883,1.1206648349761963
370,0.5818232297897339,2.3362956047058105,2.216839551925659,0.5972796678543091
371,0.6063655018806458,2.3656198978424072,2.2159223556518555,0.7484871745109558
372,0.832165539264679,2.3389041423797607,2.217163324356079,0.60870361328125
373,0.7476951479911804,2.366366386413574,2.2094924449920654,0.7843694686889648
374,0.5718527436256409,2.3895366191864014,2.202420473098755,0.9355805516242981
375,0.589806854724884,2.35422682762146,2.2500813007354736,0.520727276802063
376,0.7194894552230835,2.3279852867126465,2.2155606746673584,0.5621224641799927
377,0.5994443893432617,2.318248748779297,2.1861979961395264,0.6602538228034973
378,0.4909861087799072,2.358668565750122,2.16960072517395,0.9453389644622803
379,0.6379836797714233,2.3438808917999268,2.2180874347686768,0.6289671659469604
380,0.7504725456237793,2.359086513519287,2.210355043411255,0.7436572909355164
381,0.6845204830169678,2.3392887115478516,2.230055809020996,0.5461645126342773
382,0.5689672231674194,2.3723642826080322,2.2255446910858154,0.734097957611084
383,0.6940388083457947,2.325371742248535,2.2315781116485596,0.46896830201148987
384,0.823427677154541,2.358529567718506,2.216492176055908,0.7101872563362122
385,0.5636284351348877,2.420588970184326,2.198312520980835,1.1113823652267456
386,0.5908359289169312,2.383084774017334,2.2105681896209717,0.8625831604003906
387,0.9329792261123657,2.3507819175720215,2.225054979324341,0.6286347508430481
388,0.686808705329895,2.3823275566101074,2.2037179470062256,0.893048107624054
389,0.6221072673797607,2.3569304943084717,2.2089898586273193,0.7397036552429199
390,0.7562384605407715,2.431605100631714,2.2271103858947754,1.0224738121032715
391,0.7461198568344116,2.3587493896484375,2.235764503479004,0.6149242520332336
392,0.6924598217010498,2.3845207691192627,2.2260453701019287,0.7923768162727356
393,0.9915761947631836,2.359008312225342,2.2300078868865967,0.6450015306472778
394,0.7457536458969116,2.411353588104248,2.221076726913452,0.9513848423957825
395,0.6708551645278931,2.3603925704956055,2.230266809463501,0.6506285667419434
396,0.49155986309051514,2.4093446731567383,2.2008206844329834,1.0426198244094849
397,0.7372155785560608,2.389845132827759,2.192453145980835,0.9869599342346191
398,0.5838236212730408,2.3941009044647217,2.1863808631896973,1.038599967956543
399,0.5886648893356323,2.3351759910583496,2.199158191680908,0.6800885200500488
400,0.5952551364898682,2.351402521133423,2.207866668701172,0.7176792025566101
401,0.5348369479179382,2.357485771179199,2.1808602809906006,0.883126974105835
402,0.7117174863815308,2.304837465286255,2.202857732772827,0.5098984241485596
403,0.4664267897605896,2.370447874069214,2.196159601211548,0.8714409470558167
404,0.6535881757736206,2.3766167163848877,2.1957571506500244,0.9042976498603821
405,0.5415463447570801,2.3632314205169678,2.20284104347229,0.801952064037323
406,0.5774980783462524,2.4026989936828613,2.194723606109619,1.0398774147033691
407,0.7862391471862793,2.358944892883301,2.211763381958008,0.735907256603241
408,0.827340304851532,2.3668324947357178,2.22055983543396,0.7313634753227234
409,0.7324479818344116,2.3160295486450195,2.2392759323120117,0.3837677240371704
410,0.7946215867996216,2.3335800170898438,2.181924343109131,0.7582781910896301
411,0.6322751641273499,2.3610386848449707,2.204660415649414,0.7818918228149414
412,0.7447612285614014,2.3292508125305176,2.2003884315490723,0.6443119049072266
413,0.7368694543838501,2.372990846633911,2.2264034748077393,0.7329370379447937
414,0.6196814775466919,2.3149163722991943,2.2105820178985596,0.5216723084449768
415,0.5146940350532532,2.3840174674987793,2.2113864421844482,0.8631545901298523
416,0.731114387512207,2.286996603012085,2.1960933208465576,0.45451605319976807
417,0.5049123167991638,2.4387264251708984,2.1833126544952393,1.2770682573318481
418,0.5293117165565491,2.3991501331329346,2.228210926055908,0.8546954989433289
419,0.5769550800323486,2.418645143508911,2.2324233055114746,0.9311094284057617
420,0.5704849362373352,2.4160163402557373,2.1913979053497314,1.1230919361114502
421,0.5121164917945862,2.3848249912261963,2.2425191402435303,0.7115291953086853
422,0.7659404873847961,2.3648927211761475,2.2352569103240967,0.6481792330741882
423,0.5389197468757629,2.4106876850128174,2.1964733600616455,1.071071982383728
424,0.6806122064590454,2.3267769813537598,2.230426788330078,0.48175036907196045
425,0.5906153917312622,2.381145715713501,2.1977221965789795,0.9171171188354492
426,0.7901899814605713,2.4517672061920166,2.1997272968292236,1.2601999044418335
427,0.7693143486976624,2.396853446960449,2.2485291957855225,0.7416207790374756
428,0.6195849180221558,2.3620054721832275,2.219578504562378,0.7121352553367615
429,0.5652994513511658,2.3729779720306396,2.2243010997772217,0.7433847784996033
430,0.7446679472923279,2.3467257022857666,2.2532923221588135,0.4671671390533447
431,0.8197286128997803,2.3304085731506348,2.205463171005249,0.6247269511222839
432,0.528544008731842,2.3848912715911865,2.199503183364868,0.9269399046897888
433,0.5002192854881287,2.355849027633667,2.208942413330078,0.7345330119132996
434,0.6482623815536499,2.3635950088500977,2.2463274002075195,0.5863381028175354
435,0.8165116310119629,2.371776580810547,2.208277463912964,0.8174951672554016
436,0.6416716575622559,2.339160919189453,2.209618330001831,0.6477125287055969
437,0.9100438356399536,2.3827266693115234,2.2318060398101807,0.7546026706695557
438,0.6206220388412476,2.303208351135254,2.2284343242645264,0.37386956810951233
439,0.6155201196670532,2.405921220779419,2.1937170028686523,1.061020851135254
440,0.5987675189971924,2.369278907775879,2.2102296352386475,0.7952461838722229
441,0.6307165026664734,2.314286708831787,2.2133941650390625,0.5044630169868469
442,0.5815147757530212,2.428417205810547,2.208998918533325,1.0970919132232666
443,0.6683415174484253,2.4302690029144287,2.2027015686035156,1.1378370523452759
444,0.6972883343696594,2.355682611465454,2.2460806369781494,0.5480096936225891
445,0.8745810985565186,2.3096373081207275,2.2296249866485596,0.4000614583492279
446,0.626964807510376,2.36334490776062,2.209310293197632,0.7701725363731384
447,0.5674248933792114,2.367211103439331,2.210385799407959,0.7841262817382812
448,0.8778649568557739,2.381770133972168,2.2406039237976074,0.7058310508728027
449,0.6711634397506714,2.377964973449707,2.2092463970184326,0.8435930609703064
450,0.6406811475753784,2.3706624507904053,2.196589231491089,0.8703662753105164
451,0.9050598740577698,2.328774929046631,2.226529598236084,0.5112264156341553
452,0.6203129887580872,2.42433762550354,2.223252296447754,1.0054265260696411
453,0.7809109091758728,2.381988763809204,2.2084920406341553,0.8674836158752441
454,0.7057197093963623,2.383957624435425,2.2156341075897217,0.8416180610656738
455,0.8508160710334778,2.3562514781951904,2.2110979557037354,0.7257681488990784
456,0.7347463965415955,2.460775852203369,2.1979827880859375,1.3139647245407104
457,0.7726308107376099,2.457392930984497,2.259427547454834,0.9898263812065125
458,0.716564416885376,2.436735153198242,2.2392923831939697,0.9872133731842041
459,0.535983681678772,2.363394021987915,2.215831995010376,0.7378098964691162
460,0.565212607383728,2.394379138946533,2.1864142417907715,1.0398247241973877
461,0.6722845435142517,2.3172452449798584,2.2210185527801514,0.4811336100101471
462,0.5865046977996826,2.3697702884674072,2.224637269973755,0.7256655693054199
463,0.6277014017105103,2.3647615909576416,2.202256441116333,0.8125256896018982
464,0.6332045793533325,2.3458383083343506,2.198970079421997,0.7343407273292542
465,0.6025470495223999,2.4317362308502197,2.179651975631714,1.260421633720398
466,0.6060624122619629,2.366802453994751,2.247143030166626,0.5982970595359802
467,0.7938034534454346,2.2935304641723633,2.2102789878845215,0.4162576198577881
468,0.4975816309452057,2.4280927181243896,2.1749179363250732,1.2658742666244507
469,0.7656402587890625,2.4193992614746094,2.226533889770508,0.964326798915863
470,0.8656625151634216,2.42134428024292,2.220865488052368,1.002393364906311
471,0.7607120275497437,2.496262550354004,2.265432596206665,1.1541495323181152
472,0.7487306594848633,2.4368741512298584,2.265489101409912,0.8569257855415344
473,0.7252835035324097,2.4117422103881836,2.2538633346557617,0.7893948554992676
474,0.4787134528160095,2.385843515396118,2.2421019077301025,0.7187084555625916
475,0.5769192576408386,2.4121100902557373,2.247695207595825,0.8220741152763367
476,0.6604028344154358,2.3883869647979736,2.2223174571990967,0.8303479552268982
477,0.5398845076560974,2.3272087574005127,2.212139129638672,0.5753485560417175
478,0.43512701988220215,2.3655457496643066,2.202946662902832,0.8129957318305969
479,0.4914211630821228,2.380328893661499,2.2164032459259033,0.8196284174919128
480,0.675494909286499,2.3937020301818848,2.2067925930023193,0.9345471858978271
481,0.637160062789917,2.469660520553589,2.233262777328491,1.1819891929626465
482,0.621526300907135,2.4456429481506348,2.2339067459106445,1.0586813688278198
483,0.6278938055038452,2.3401827812194824,2.2152841091156006,0.6244935393333435
484,0.6806634664535522,2.4131548404693604,2.226335287094116,0.9340981841087341
485,0.6297061443328857,2.3976783752441406,2.2313411235809326,0.831686794757843
486,0.7877674102783203,2.3769195079803467,2.2236855030059814,0.7661698460578918
487,0.6896612644195557,2.346780776977539,2.22247314453125,0.6215381622314453
488,0.6418873071670532,2.3442375659942627,2.203667402267456,0.7028509974479675
489,0.5442330837249756,2.3791661262512207,2.215953826904297,0.8160614967346191
490,0.7162195444107056,2.4152016639709473,2.237424850463867,0.8888841271400452
491,0.6816256642341614,2.379772424697876,2.2334675788879395,0.7315238118171692
492,0.6771689653396606,2.4405603408813477,2.285015106201172,0.7777257561683655
493,0.5239741802215576,2.4242451190948486,2.23602557182312,0.9410972595214844
494,0.7061536312103271,2.3949620723724365,2.217907667160034,0.885272204875946
495,0.6903114318847656,2.4219276905059814,2.2208282947540283,1.005496859550476
496,0.7188690900802612,2.348559617996216,2.2570319175720215,0.4576389491558075
497,0.5491948127746582,2.381932258605957,2.2369179725646973,0.7250709533691406
498,0.7503007650375366,2.3929569721221924,2.2040510177612305,0.9445297718048096
499,0.6667091846466064,2.3775835037231445,2.247084140777588,0.6524970531463623
500,0.8419510722160339,2.4136807918548584,2.2220757007598877,0.9580255150794983
501,0.5530409812927246,2.3996493816375732,2.216419219970703,0.916151225566864
502,0.7164068222045898,2.443718671798706,2.280735492706299,0.8149164319038391
503,0.7062395811080933,2.3917148113250732,2.271801710128784,0.599565327167511
504,0.7186623811721802,2.3545894622802734,2.2414915561676025,0.5654891133308411
505,0.8025377988815308,2.3589789867401123,2.2198996543884277,0.6953971982002258
506,0.6392154097557068,2.3339571952819824,2.2133052349090576,0.6032602787017822
507,0.7736731767654419,2.3316776752471924,2.2007226943969727,0.6547753810882568
508,0.7329388856887817,2.3633365631103516,2.2213077545166016,0.710143506526947
509,0.7178250551223755,2.334311008453369,2.19892954826355,0.6769067645072937
510,0.7565473318099976,2.3510212898254395,2.198410987854004,0.7630518078804016
511,0.7317530512809753,2.367037057876587,2.1729204654693604,0.9705833792686462
512,0.6153947114944458,2.344184637069702,2.194013833999634,0.7508543133735657
513,0.614338755607605,2.347499370574951,2.186708927154541,0.8039522171020508
514,0.7157174348831177,2.343722105026245,2.1875007152557373,0.7811064720153809
515,0.6071773767471313,2.384438991546631,2.2150657176971436,0.8468658328056335
516,0.5640628337860107,2.3587491512298584,2.2069180011749268,0.7591562867164612
517,0.5046612620353699,2.346332311630249,2.188404083251953,0.7896416783332825
518,0.5721844434738159,2.372267484664917,2.195948362350464,0.8815951347351074
519,0.6520994305610657,2.4014480113983154,2.2206337451934814,0.9040711522102356
520,0.5697624683380127,2.3383402824401855,2.2087631225585938,0.647885799407959
521,0.7591893672943115,2.4439191818237305,2.204101800918579,1.1990870237350464
522,0.7410928010940552,2.4150547981262207,2.217705249786377,0.9867481589317322
523,0.5769299268722534,2.388166904449463,2.22914457321167,0.7951116561889648
524,0.7433627843856812,2.3153300285339355,2.228549003601074,0.43390536308288574
525,0.7387478947639465,2.3568308353424072,2.207152843475342,0.748389720916748
526,0.6250266432762146,2.434999465942383,2.212277412414551,1.1136099100112915
527,0.6447441577911377,2.45511531829834,2.228731155395508,1.1319202184677124
528,0.5596655011177063,2.349724531173706,2.224412202835083,0.6265618205070496
529,0.738286018371582,2.3705005645751953,2.1915011405944824,0.8949971199035645
530,0.6498380899429321,2.3624396324157715,2.226407051086426,0.6801627278327942
531,0.748835563659668,2.41763973236084,2.2301766872406006,0.9373151659965515
532,0.6632359027862549,2.4461092948913574,2.217550039291382,1.142796516418457
533,0.5930384397506714,2.4048898220062256,2.2507879734039307,0.7705095410346985
534,0.8934667706489563,2.345392942428589,2.271620273590088,0.3688632547855377
535,0.6337791681289673,2.370742082595825,2.2266719341278076,0.7203510403633118
536,0.7084534168243408,2.4274117946624756,2.213050127029419,1.0718086957931519
537,0.8028761148452759,2.3935964107513428,2.2669174671173096,0.6333948969841003
538,0.7771711349487305,2.3489627838134766,2.246398448944092,0.512821614742279
539,0.7836750149726868,2.3885498046875,2.213353157043457,0.875982940196991
540,0.7345035076141357,2.392552614212036,2.2204222679138184,0.8606517910957336
541,0.6191456913948059,2.4483399391174316,2.2395613193511963,1.0438936948776245
542,0.7372416257858276,2.3549327850341797,2.2356953620910645,0.5961869955062866
543,0.4852781295776367,2.429379463195801,2.219064950942993,1.0515730381011963
544,0.6065765619277954,2.3473942279815674,2.195716619491577,0.7583885192871094
545,0.6513382792472839,2.385545253753662,2.2218778133392334,0.8183375000953674
546,0.5291070938110352,2.352627754211426,2.2124710083007812,0.700783908367157
547,0.5960991382598877,2.370687484741211,2.1969101428985596,0.8688867688179016
548,0.4546319842338562,2.3893699645996094,2.199723243713379,0.9482336640357971
549,0.5695670247077942,2.4034953117370605,2.225008964538574,0.8924312591552734
550,0.7586227059364319,2.359769344329834,2.2021751403808594,0.7879712581634521
551,0.7271064519882202,2.3871729373931885,2.233680486679077,0.7674625515937805
552,0.7859099507331848,2.3515992164611816,2.2279207706451416,0.6183919310569763
553,0.6182420253753662,2.350633144378662,2.224602460861206,0.6301533579826355
554,0.7108911871910095,2.371516227722168,2.2130448818206787,0.7923564910888672
555,0.7007184028625488,2.390526294708252,2.220642328262329,0.8494197726249695
556,0.6613547801971436,2.370903730392456,2.21471905708313,0.7809234261512756
557,0.6939464807510376,2.363572597503662,2.216442108154297,0.7356520295143127
558,0.5634187459945679,2.363499402999878,2.2028958797454834,0.8030179142951965
559,0.6866724491119385,2.414330244064331,2.2076985836029053,1.0331579446792603
560,0.5974806547164917,2.405916929244995,2.2345974445343018,0.8565977215766907
561,0.7987217307090759,2.394488573074341,2.2318971157073975,0.8129572868347168
562,0.617874264717102,2.4020988941192627,2.2035982608795166,0.9925033450126648
563,0.8313906192779541,2.3889567852020264,2.2527778148651123,0.6808951497077942
564,0.8085653781890869,2.39801287651062,2.2123405933380127,0.9283614158630371
565,0.7338259816169739,2.3924074172973633,2.2061350345611572,0.9313616156578064
566,0.8086510896682739,2.3696398735046387,2.2210662364959717,0.7428680062294006
567,0.7640469074249268,2.382232427597046,2.2604780197143555,0.6087719798088074
568,0.6461710333824158,2.3796133995056152,2.2245190143585205,0.7754719853401184
569,0.5068057775497437,2.3416504859924316,2.2021892070770264,0.6973063349723816
570,0.6478886604309082,2.3516831398010254,2.214034080505371,0.6882452368736267
571,0.6795477271080017,2.3698906898498535,2.2104547023773193,0.7971794009208679
572,0.6814526319503784,2.33332896232605,2.194608688354492,0.6936008334159851
573,0.5961101055145264,2.392512559890747,2.17042875289917,1.110419511795044
574,0.6417984962463379,2.3755886554718018,2.219372034072876,0.7810828685760498
575,0.614251971244812,2.328916311264038,2.217188835144043,0.5586373209953308
576,0.658033013343811,2.4576549530029297,2.1925623416900635,1.3254636526107788
577,0.5929789543151855,2.355858087539673,2.2291064262390137,0.633758008480072
578,0.6358075141906738,2.36264705657959,2.2225019931793213,0.7007248401641846
579,0.6831387281417847,2.3598787784576416,2.2242438793182373,0.6781744956970215
580,0.7500902414321899,2.329418420791626,2.2211241722106934,0.5414710640907288
581,0.66327965259552,2.3611464500427246,2.2174441814422607,0.7185114026069641
582,0.5603509545326233,2.32043719291687,2.208366632461548,0.5603528618812561
583,0.6823334693908691,2.356295108795166,2.203598976135254,0.7634804844856262
584,0.5712193250656128,2.41300630569458,2.21779465675354,0.9760587811470032
585,0.706737756729126,2.338967800140381,2.196521043777466,0.7122343182563782
586,0.7745591402053833,2.3921446800231934,2.2092599868774414,0.9144231677055359
587,0.6922078728675842,2.394730806350708,2.247386932373047,0.7367196679115295
588,0.6967405676841736,2.3419337272644043,2.229889154434204,0.5602228045463562
589,0.7276371717453003,2.455871820449829,2.220731735229492,1.1757006645202637
590,0.6734161376953125,2.361266851425171,2.2340407371520996,0.6361305713653564
591,0.6682332754135132,2.4239890575408936,2.236530303955078,0.937293529510498
592,0.7694485187530518,2.443740129470825,2.239837884902954,1.0195112228393555
593,0.850837230682373,2.3799049854278564,2.257484197616577,0.6121034622192383
594,0.6155551671981812,2.402005672454834,2.226386308670044,0.8780971169471741
595,0.5625349879264832,2.417137384414673,2.2195565700531006,0.9879035949707031
596,0.6183443069458008,2.4174997806549072,2.225163221359253,0.9616827964782715
597,0.6695664525032043,2.3779690265655518,2.2150301933288574,0.8146941065788269
598,0.5275163650512695,2.378077745437622,2.204389810562134,0.8684393763542175
599,0.5313803553581238,2.404919147491455,2.218064069747925,0.9342751502990723
600,0.6653727889060974,2.389228582382202,2.2048633098602295,0.9218259453773499
601,0.6989924311637878,2.3610310554504395,2.209533214569092,0.7574894428253174
602,0.6974849104881287,2.340247869491577,2.2182984352111816,0.6097466945648193
603,0.5879872441291809,2.3320701122283936,2.192858934402466,0.6960554122924805
604,0.6312754154205322,2.3733317852020264,2.1874749660491943,0.9292835593223572
605,0.6037966012954712,2.377129077911377,2.2322795391082764,0.7242481112480164
606,0.5216431617736816,2.3850979804992676,2.2128913402557373,0.8610333800315857
607,0.7321358919143677,2.3825676441192627,2.1930882930755615,0.9473972916603088
608,0.6960519552230835,2.364436388015747,2.2087998390197754,0.7781829237937927
609,0.5204866528511047,2.3458611965179443,2.1975743770599365,0.7414340972900391
610,0.5805450677871704,2.3441922664642334,2.1967318058013916,0.737302839756012
611,0.6574429869651794,2.4860713481903076,2.2041938304901123,1.4093880653381348
612,0.6615455746650696,2.4283111095428467,2.2025880813598633,1.1286150217056274
613,0.6679126620292664,2.3773465156555176,2.263798952102661,0.5677377581596375
614,0.6977883577346802,2.4418399333953857,2.263514518737793,0.8916276097297668
615,0.6429769992828369,2.392068386077881,2.2418529987335205,0.7510774731636047
616,0.5580506324768066,2.3654675483703613,2.2273082733154297,0.6907967925071716
617,0.6791486144065857,2.369913339614868,2.2197344303131104,0.7508940696716309
618,0.6736403703689575,2.4034504890441895,2.2089314460754395,0.9725949168205261
619,0.5399181246757507,2.403610944747925,2.222008466720581,0.9080124497413635
620,0.6614452600479126,2.376798152923584,2.2462034225463867,0.6529738306999207
621,0.5456821918487549,2.357171058654785,2.238598346710205,0.5928633809089661
622,0.9480347633361816,2.4013895988464355,2.2634425163269043,0.6897351145744324
623,0.6711001992225647,2.451496124267578,2.2687571048736572,0.9136946201324463
624,0.8328152894973755,2.364952802658081,2.2633023262023926,0.5082523226737976
625,0.6925164461135864,2.374281167984009,2.2333946228027344,0.7044326663017273
626,0.6439452171325684,2.4003450870513916,2.238421678543091,0.8096165060997009
627,0.7673047780990601,2.3519630432128906,2.2214748859405518,0.6524404883384705
628,0.6614477634429932,2.3559134006500244,2.2336246967315674,0.6114436388015747
629,0.7542353272438049,2.3912415504455566,2.2202112674713135,0.8551516532897949
630,0.4736815094947815,2.3579657077789307,2.1989457607269287,0.7950999736785889
631,0.6429598331451416,2.355051279067993,2.1973371505737305,0.7885705828666687
632,0.6796843409538269,2.372384786605835,2.2048096656799316,0.8378753662109375
633,0.8472129106521606,2.380937337875366,2.211749792098999,0.8459375500679016
634,0.5897998809814453,2.3985466957092285,2.2074642181396484,0.9554129242897034
635,0.5274773240089417,2.469442367553711,2.1890761852264404,1.401830792427063
636,0.4741196036338806,2.5082614421844482,2.246659755706787,1.3080086708068848
637,0.4507259726524353,2.4218943119049072,2.23065447807312,0.9561991691589355
638,0.45713192224502563,2.346827983856201,2.22511625289917,0.6085589528083801
639,0.6351078152656555,2.3476009368896484,2.232111930847168,0.5774455666542053
640,0.6599028706550598,2.398916482925415,2.2147343158721924,0.9209107756614685
641,0.7600189447402954,2.3919320106506348,2.233532667160034,0.7919966578483582
642,0.5821006894111633,2.475212335586548,2.23333477973938,1.2093873023986816
643,0.9249802827835083,2.4449892044067383,2.2312982082366943,1.0684555768966675
644,0.7633398771286011,2.3913321495056152,2.2609353065490723,0.6519837975502014
645,0.6886842250823975,2.3639254570007324,2.259798288345337,0.5206353664398193
646,0.8023353815078735,2.3804104328155518,2.221604585647583,0.7940288186073303
647,0.777971625328064,2.344895124435425,2.2270901203155518,0.5890246033668518
648,0.6341327428817749,2.3569891452789307,2.2056868076324463,0.7565115094184875
649,0.7271058559417725,2.3838961124420166,2.1900126934051514,0.969416618347168
650,0.7138346433639526,2.3916053771972656,2.203695058822632,0.939551830291748
651,0.8433089256286621,2.372727632522583,2.2105634212493896,0.8108210563659668
